<?xml version="1.0" encoding="UTF-8" standalone="no" ?>
<?xml-stylesheet href="rptstyle.xsl" type="text/xsl" ?>
<doc>
<title>Combinational Loop Report</title>
<text>SmartTime Version 2023.2.0.10</text>
<text>Microchip Technology Inc. - Microchip Libero Software Release v2023.2 SP1 (Version 2023.2.0.10)</text>
<text>Date: Tue Mar 12 14:39:04 2024
</text>
<table>
<header>
</header>
<row>
 <cell>Design</cell>
 <cell>Ux2FPGA</cell>
</row>
<row>
 <cell>Family</cell>
 <cell>SmartFusion2</cell>
</row>
<row>
 <cell>Die</cell>
 <cell>M2S025</cell>
</row>
<row>
 <cell>Package</cell>
 <cell>256 VF</cell>
</row>
<row>
 <cell>Temperature Range</cell>
 <cell>-40 - 100 C</cell>
</row>
<row>
 <cell>Voltage Range</cell>
 <cell>1.14 - 1.26 V</cell>
</row>
<row>
 <cell>Speed Grade</cell>
 <cell>-1</cell>
</row>
<row>
 <cell>Design State</cell>
 <cell>Pre-Layout</cell>
</row>
</table>
<text></text>
<text></text>
<text></text>
<text>No combinational loops were detected in the design.</text>
</doc>
