<?xml version="1.0" encoding="UTF-8" standalone="no" ?>
<?xml-stylesheet href="rptstyle.xsl" type="text/xsl" ?>
<doc>
<title>Global Net Report</title>
<text>Microchip Technology Inc. - Microchip Libero Software Release v2023.2 SP1 (Version 2023.2.0.10)</text>
<text>Date: Thu May 23 09:47:38 2024
</text>
<section>
<name>Global Nets Information</name>
<table>
<header>
 <cell/>
 <cell> From </cell>
 <cell> GB Location </cell>
 <cell> Net Name </cell>
 <cell> Fanout </cell>
</header>
<row>
 <cell>1</cell>
 <cell>GB[12] </cell>
 <cell>(306, 72)</cell>
 <cell>FCCC_C0_0/FCCC_C0_0/GL1_INST/U0_YWn</cell>
 <cell>1402</cell>
</row>
<row>
 <cell>2</cell>
 <cell>GB[4] </cell>
 <cell>(294, 72)</cell>
 <cell>Main_0/Uart1FifoReset_i_RNIUSR3/U0_YWn_GEast</cell>
 <cell>89</cell>
</row>
<row>
 <cell>3</cell>
 <cell>GB[7] </cell>
 <cell>(297, 72)</cell>
 <cell>Main_0/Uart2FifoReset_i_RNIV7JA/U0_YWn_GEast</cell>
 <cell>89</cell>
</row>
<row>
 <cell>4</cell>
 <cell>GB[13] </cell>
 <cell>(307, 72)</cell>
 <cell>Main_0/Uart0FifoReset_i_RNITH4D/U0_YWn_GEast</cell>
 <cell>89</cell>
</row>
<row>
 <cell>5</cell>
 <cell>GB[1] </cell>
 <cell>(291, 72)</cell>
 <cell>Main_0/BootupReset/shot_i_rep_RNIOJ31/U0_YWn_GEast</cell>
 <cell>38</cell>
</row>
<row>
 <cell>6</cell>
 <cell>GB[3] </cell>
 <cell>(293, 72)</cell>
 <cell>Filterwheel_sb_0/CCC_0/GL0_INST/U0_YWn_GEast</cell>
 <cell>32</cell>
</row>
<row>
 <cell>7</cell>
 <cell>GB[5] </cell>
 <cell>(295, 72)</cell>
 <cell>Main_0/Uart1BitClockDiv/clko_i_inferred_clock_RNILRIF/U0_YWn_GEast</cell>
 <cell>31</cell>
</row>
<row>
 <cell>8</cell>
 <cell>GB[9] </cell>
 <cell>(303, 72)</cell>
 <cell>Main_0/Uart0BitClockDiv/clko_i_inferred_clock_RNIKQ1F/U0_YWn_GEast</cell>
 <cell>31</cell>
</row>
<row>
 <cell>9</cell>
 <cell>GB[14] </cell>
 <cell>(308, 72)</cell>
 <cell>Main_0/Uart2BitClockDiv/clko_i_inferred_clock_RNIMS3/U0_YWn_GEast</cell>
 <cell>31</cell>
</row>
<row>
 <cell>10</cell>
 <cell>GB[2] </cell>
 <cell>(292, 72)</cell>
 <cell>Main_0/StepperMotor/MotorStopped_RNIKB64/U0_YWn_GEast</cell>
 <cell>25</cell>
</row>
<row>
 <cell>11</cell>
 <cell>GB[6] </cell>
 <cell>(296, 72)</cell>
 <cell>Main_0/RegisterSpace/ResetSteps_i_rep_RNI1421/U0_YWn_GEast</cell>
 <cell>21</cell>
</row>
<row>
 <cell>12</cell>
 <cell>GB[10] </cell>
 <cell>(304, 72)</cell>
 <cell>Filterwheel_sb_0/FABOSC_0/I_RCOSC_25_50MHZ_FAB_CLKINT/U0_YWn_GEast</cell>
 <cell>15</cell>
</row>
<row>
 <cell>13</cell>
 <cell>GB[0] </cell>
 <cell>(290, 72)</cell>
 <cell>Main_0/Uart1TxBitClockDiv/div_i_inferred_clock_RNIR41D/U0_YWn_GEast</cell>
 <cell>9</cell>
</row>
<row>
 <cell>14</cell>
 <cell>GB[8] </cell>
 <cell>(302, 72)</cell>
 <cell>Main_0/Uart0TxBitClockDiv/div_i_inferred_clock_RNIQ2FB/U0_YWn_GEast</cell>
 <cell>9</cell>
</row>
<row>
 <cell>15</cell>
 <cell>GB[11] </cell>
 <cell>(305, 72)</cell>
 <cell>Main_0/Uart2TxBitClockDiv/div_i_inferred_clock_RNIS6JE/U0_YWn_GEast</cell>
 <cell>9</cell>
</row>
<row>
 <cell>16</cell>
 <cell>GB[15] </cell>
 <cell>(309, 72)</cell>
 <cell>FCCC_C0_0/FCCC_C0_0/GL0_INST/U0_YWn</cell>
 <cell>1</cell>
</row>
</table>
<text></text>
</section>
<section>
<name>I/O to GB Connections</name>
<text>(none)</text>
</section>
<section>
<name>Fabric to GB Connections</name>
<table>
<header>
 <cell/>
 <cell> From </cell>
 <cell> From Location </cell>
 <cell> To </cell>
 <cell> Net Name </cell>
 <cell> Net Type </cell>
 <cell> Fanout </cell>
</header>
<row>
 <cell>1</cell>
 <cell>Main_0/Uart1FifoReset_i:Y</cell>
 <cell>(397, 108)</cell>
 <cell>GB[4] </cell>
 <cell>Main_0/Uart1FifoReset_i_Z</cell>
 <cell>ROUTED</cell>
 <cell>31</cell>
</row>
<row>
 <cell>2</cell>
 <cell>Main_0/Uart2FifoReset_i:Y</cell>
 <cell>(405, 108)</cell>
 <cell>GB[7] </cell>
 <cell>Main_0/Uart2FifoReset_i_Z</cell>
 <cell>ROUTED</cell>
 <cell>31</cell>
</row>
<row>
 <cell>3</cell>
 <cell>Main_0/Uart0FifoReset_i:Y</cell>
 <cell>(543, 105)</cell>
 <cell>GB[13] </cell>
 <cell>Main_0/Uart0FifoReset_i_Z</cell>
 <cell>ROUTED</cell>
 <cell>31</cell>
</row>
<row>
 <cell>4</cell>
 <cell>Main_0/BootupReset/shot_i_rep:Q</cell>
 <cell>(407, 109)</cell>
 <cell>GB[1] </cell>
 <cell>Main_0/BootupReset/shot_i_rep_Z</cell>
 <cell>ROUTED</cell>
 <cell>1</cell>
</row>
<row>
 <cell>5</cell>
 <cell>Main_0/Uart1BitClockDiv/clko_i:Q</cell>
 <cell>(596, 103)</cell>
 <cell>GB[5] </cell>
 <cell>Main_0/Uart1BitClockDiv/clko_i_0</cell>
 <cell>ROUTED</cell>
 <cell>2</cell>
</row>
<row>
 <cell>6</cell>
 <cell>Main_0/Uart0BitClockDiv/clko_i:Q</cell>
 <cell>(596, 112)</cell>
 <cell>GB[9] </cell>
 <cell>Main_0/Uart0BitClockDiv/clko_i_Z</cell>
 <cell>ROUTED</cell>
 <cell>2</cell>
</row>
<row>
 <cell>7</cell>
 <cell>Main_0/Uart2BitClockDiv/clko_i:Q</cell>
 <cell>(532, 112)</cell>
 <cell>GB[14] </cell>
 <cell>Main_0/Uart2BitClockDiv/clko_i_1</cell>
 <cell>ROUTED</cell>
 <cell>2</cell>
</row>
<row>
 <cell>8</cell>
 <cell>Main_0/StepperMotor/MotorStopped:Q</cell>
 <cell>(459, 82)</cell>
 <cell>GB[2] </cell>
 <cell>Main_0/StepperMotor/MotorStopped_0</cell>
 <cell>ROUTED</cell>
 <cell>1</cell>
</row>
<row>
 <cell>9</cell>
 <cell>Main_0/RegisterSpace/ResetSteps_i_rep:Q</cell>
 <cell>(549, 91)</cell>
 <cell>GB[6] </cell>
 <cell>Main_0/RegisterSpace/ResetSteps_i_rep_Z</cell>
 <cell>ROUTED</cell>
 <cell>1</cell>
</row>
<row>
 <cell>10</cell>
 <cell>Filterwheel_sb_0/FABOSC_0/I_RCOSC_25_50MHZ_FAB:CLKOUT</cell>
 <cell>(25, 134)</cell>
 <cell>GB[10] </cell>
 <cell>Filterwheel_sb_0/FABOSC_0/N_RCOSC_25_50MHZ_CLKINT</cell>
 <cell>ROUTED</cell>
 <cell>1</cell>
</row>
<row>
 <cell>11</cell>
 <cell>Main_0/Uart1TxBitClockDiv/div_i:Q</cell>
 <cell>(604, 112)</cell>
 <cell>GB[0] </cell>
 <cell>Main_0/Uart1TxBitClockDiv/div_i_0</cell>
 <cell>ROUTED</cell>
 <cell>2</cell>
</row>
<row>
 <cell>12</cell>
 <cell>Main_0/Uart0TxBitClockDiv/div_i:Q</cell>
 <cell>(618, 85)</cell>
 <cell>GB[8] </cell>
 <cell>Main_0/Uart0TxBitClockDiv/div_i_Z</cell>
 <cell>ROUTED</cell>
 <cell>2</cell>
</row>
<row>
 <cell>13</cell>
 <cell>Main_0/Uart2TxBitClockDiv/div_i:Q</cell>
 <cell>(504, 79)</cell>
 <cell>GB[11] </cell>
 <cell>Main_0/Uart2TxBitClockDiv/div_i_1</cell>
 <cell>ROUTED</cell>
 <cell>2</cell>
</row>
</table>
<text></text>
</section>
<section>
<name>CCC to GB Connections</name>
<table>
<header>
 <cell/>
 <cell> From </cell>
 <cell> From Location </cell>
 <cell>Pin Swapped for Back Annotation Only</cell>
 <cell> To </cell>
 <cell> Net Name </cell>
 <cell> Net Type </cell>
 <cell> Fanout </cell>
</header>
<row>
 <cell>1</cell>
 <cell>FCCC_C0_0/FCCC_C0_0/CCC_INST/INST_CCC_IP:GL1</cell>
 <cell>CCC-NE1 (618, 134)</cell>
 <cell>GL1 =&gt; GL0</cell>
 <cell>GB[12] </cell>
 <cell>FCCC_C0_0/FCCC_C0_0/GL1_net</cell>
 <cell>HARDWIRED</cell>
 <cell>1</cell>
</row>
<row>
 <cell>2</cell>
 <cell>Filterwheel_sb_0/CCC_0/CCC_INST/INST_CCC_IP:GL0</cell>
 <cell>CCC-NW1 (18, 134)</cell>
 <cell>GL0 =&gt; GL3</cell>
 <cell>GB[3] </cell>
 <cell>Filterwheel_sb_0/CCC_0/GL0_net</cell>
 <cell>HARDWIRED</cell>
 <cell>1</cell>
</row>
<row>
 <cell>3</cell>
 <cell>FCCC_C0_0/FCCC_C0_0/CCC_INST/INST_CCC_IP:GL0</cell>
 <cell>CCC-NE1 (618, 134)</cell>
 <cell>GL0 =&gt; GL3</cell>
 <cell>GB[15] </cell>
 <cell>FCCC_C0_0/FCCC_C0_0/GL0_net</cell>
 <cell>HARDWIRED</cell>
 <cell>1</cell>
</row>
</table>
<text></text>
</section>
<section>
<name>CCC Input Connections</name>
<table>
<header>
 <cell/>
 <cell> Port Name </cell>
 <cell> Pin Number </cell>
 <cell> I/O Function </cell>
 <cell> From </cell>
 <cell> From Location </cell>
 <cell> To (Pin Swapped for Back Annotation Only) </cell>
 <cell> CCC Location </cell>
 <cell> Net Name </cell>
 <cell> Net Type </cell>
 <cell> Fanout </cell>
</header>
<row>
 <cell>1</cell>
 <cell>CLK0_PAD</cell>
 <cell>H16</cell>
 <cell>MSIO11NB2/I2C_1_SCL/GPIO_1_A/CCC_NE1_CLKI0</cell>
 <cell>FCCC_C0_0/FCCC_C0_0/CLK0_PAD_INST/U_IOPAD:Y</cell>
 <cell>(627, 28)</cell>
 <cell>FCCC_C0_0/FCCC_C0_0/CCC_INST/INST_CCC_IP:CLK0_PAD</cell>
 <cell>CCC-NE1 (618, 134)</cell>
 <cell>FCCC_C0_0/FCCC_C0_0/CLK0_PAD_net</cell>
 <cell>HARDWIRED</cell>
 <cell>2</cell>
</row>
<row>
 <cell>2</cell>
 <cell>-</cell>
 <cell>-</cell>
 <cell>-</cell>
 <cell>FCCC_C0_0/FCCC_C0_0/CCC_INST/INST_CCC_IP:GL0</cell>
 <cell>(618, 134)</cell>
 <cell>Filterwheel_sb_0/CCC_0/CCC_INST/INST_CCC_IP:CLK0</cell>
 <cell>CCC-NW1 (18, 134)</cell>
 <cell>FCCC_C0_0/FCCC_C0_0/GL0_net</cell>
 <cell>ROUTED</cell>
 <cell>1</cell>
</row>
</table>
<text></text>
</section>
<section>
<name>Local Nets to RGB Connections</name>
<text>(none)</text>
</section>
<section>
<name>Global Nets to RGB Connections</name>
<table>
<header>
 <cell/>
 <cell> From </cell>
 <cell> From Location </cell>
 <cell> Net Name </cell>
 <cell> Fanout </cell>
 <cell> </cell>
 <cell> RGB Location </cell>
 <cell> RGB Fanout </cell>
</header>
<row>
 <cell>1</cell>
 <cell>GB[12] </cell>
 <cell>(306, 72)</cell>
 <cell>FCCC_C0_0/FCCC_C0_0/GL1_INST/U0_YWn</cell>
 <cell>1402</cell>
 <cell> </cell>
 <cell>(146, 81)</cell>
 <cell>10</cell>
</row>
<row>
 <cell>2</cell>
 <cell>GB[4] </cell>
 <cell>(294, 72)</cell>
 <cell>Main_0/Uart1FifoReset_i_RNIUSR3/U0_YWn_GEast</cell>
 <cell>89</cell>
 <cell>1</cell>
 <cell>(446, 99)</cell>
 <cell>2</cell>
</row>
<row>
 <cell> </cell>
 <cell></cell>
 <cell></cell>
 <cell></cell>
 <cell></cell>
 <cell>2</cell>
 <cell>(446, 102)</cell>
 <cell>18</cell>
</row>
<row>
 <cell> </cell>
 <cell></cell>
 <cell></cell>
 <cell></cell>
 <cell></cell>
 <cell>3</cell>
 <cell>(446, 105)</cell>
 <cell>7</cell>
</row>
<row>
 <cell> </cell>
 <cell></cell>
 <cell></cell>
 <cell></cell>
 <cell></cell>
 <cell>4</cell>
 <cell>(446, 126)</cell>
 <cell>22</cell>
</row>
<row>
 <cell> </cell>
 <cell></cell>
 <cell></cell>
 <cell></cell>
 <cell></cell>
 <cell>5</cell>
 <cell>(446, 129)</cell>
 <cell>20</cell>
</row>
<row>
 <cell> </cell>
 <cell></cell>
 <cell></cell>
 <cell></cell>
 <cell></cell>
 <cell>6</cell>
 <cell>(447, 108)</cell>
 <cell>5</cell>
</row>
<row>
 <cell> </cell>
 <cell></cell>
 <cell></cell>
 <cell></cell>
 <cell></cell>
 <cell>7</cell>
 <cell>(448, 114)</cell>
 <cell>15</cell>
</row>
<row>
 <cell>3</cell>
 <cell>GB[7] </cell>
 <cell>(297, 72)</cell>
 <cell>Main_0/Uart2FifoReset_i_RNIV7JA/U0_YWn_GEast</cell>
 <cell>89</cell>
 <cell>1</cell>
 <cell>(448, 81)</cell>
 <cell>5</cell>
</row>
<row>
 <cell> </cell>
 <cell></cell>
 <cell></cell>
 <cell></cell>
 <cell></cell>
 <cell>2</cell>
 <cell>(449, 129)</cell>
 <cell>43</cell>
</row>
<row>
 <cell> </cell>
 <cell></cell>
 <cell></cell>
 <cell></cell>
 <cell></cell>
 <cell>3</cell>
 <cell>(451, 108)</cell>
 <cell>3</cell>
</row>
<row>
 <cell> </cell>
 <cell></cell>
 <cell></cell>
 <cell></cell>
 <cell></cell>
 <cell>4</cell>
 <cell>(452, 105)</cell>
 <cell>11</cell>
</row>
<row>
 <cell> </cell>
 <cell></cell>
 <cell></cell>
 <cell></cell>
 <cell></cell>
 <cell>5</cell>
 <cell>(452, 111)</cell>
 <cell>22</cell>
</row>
<row>
 <cell> </cell>
 <cell></cell>
 <cell></cell>
 <cell></cell>
 <cell></cell>
 <cell>6</cell>
 <cell>(452, 114)</cell>
 <cell>5</cell>
</row>
<row>
 <cell>4</cell>
 <cell>GB[13] </cell>
 <cell>(307, 72)</cell>
 <cell>Main_0/Uart0FifoReset_i_RNITH4D/U0_YWn_GEast</cell>
 <cell>89</cell>
 <cell>1</cell>
 <cell>(446, 90)</cell>
 <cell>5</cell>
</row>
<row>
 <cell> </cell>
 <cell></cell>
 <cell></cell>
 <cell></cell>
 <cell></cell>
 <cell>2</cell>
 <cell>(446, 117)</cell>
 <cell>2</cell>
</row>
<row>
 <cell> </cell>
 <cell></cell>
 <cell></cell>
 <cell></cell>
 <cell></cell>
 <cell>3</cell>
 <cell>(447, 129)</cell>
 <cell>42</cell>
</row>
<row>
 <cell> </cell>
 <cell></cell>
 <cell></cell>
 <cell></cell>
 <cell></cell>
 <cell>4</cell>
 <cell>(448, 102)</cell>
 <cell>13</cell>
</row>
<row>
 <cell> </cell>
 <cell></cell>
 <cell></cell>
 <cell></cell>
 <cell></cell>
 <cell>5</cell>
 <cell>(449, 105)</cell>
 <cell>2</cell>
</row>
<row>
 <cell> </cell>
 <cell></cell>
 <cell></cell>
 <cell></cell>
 <cell></cell>
 <cell>6</cell>
 <cell>(449, 108)</cell>
 <cell>2</cell>
</row>
<row>
 <cell> </cell>
 <cell></cell>
 <cell></cell>
 <cell></cell>
 <cell></cell>
 <cell>7</cell>
 <cell>(449, 111)</cell>
 <cell>11</cell>
</row>
<row>
 <cell> </cell>
 <cell></cell>
 <cell></cell>
 <cell></cell>
 <cell></cell>
 <cell>8</cell>
 <cell>(450, 114)</cell>
 <cell>12</cell>
</row>
<row>
 <cell>5</cell>
 <cell>GB[1] </cell>
 <cell>(291, 72)</cell>
 <cell>Main_0/BootupReset/shot_i_rep_RNIOJ31/U0_YWn_GEast</cell>
 <cell>38</cell>
 <cell>1</cell>
 <cell>(446, 84)</cell>
 <cell>4</cell>
</row>
<row>
 <cell> </cell>
 <cell></cell>
 <cell></cell>
 <cell></cell>
 <cell></cell>
 <cell>2</cell>
 <cell>(447, 78)</cell>
 <cell>4</cell>
</row>
<row>
 <cell> </cell>
 <cell></cell>
 <cell></cell>
 <cell></cell>
 <cell></cell>
 <cell>3</cell>
 <cell>(447, 102)</cell>
 <cell>8</cell>
</row>
<row>
 <cell> </cell>
 <cell></cell>
 <cell></cell>
 <cell></cell>
 <cell></cell>
 <cell>4</cell>
 <cell>(448, 105)</cell>
 <cell>2</cell>
</row>
<row>
 <cell> </cell>
 <cell></cell>
 <cell></cell>
 <cell></cell>
 <cell></cell>
 <cell>5</cell>
 <cell>(448, 111)</cell>
 <cell>20</cell>
</row>
<row>
 <cell>6</cell>
 <cell>GB[3] </cell>
 <cell>(293, 72)</cell>
 <cell>Filterwheel_sb_0/CCC_0/GL0_INST/U0_YWn_GEast</cell>
 <cell>32</cell>
 <cell>1</cell>
 <cell>(446, 57)</cell>
 <cell>5</cell>
</row>
<row>
 <cell> </cell>
 <cell></cell>
 <cell></cell>
 <cell></cell>
 <cell></cell>
 <cell>2</cell>
 <cell>(446, 60)</cell>
 <cell>11</cell>
</row>
<row>
 <cell> </cell>
 <cell></cell>
 <cell></cell>
 <cell></cell>
 <cell></cell>
 <cell>3</cell>
 <cell>(446, 63)</cell>
 <cell>6</cell>
</row>
<row>
 <cell> </cell>
 <cell></cell>
 <cell></cell>
 <cell></cell>
 <cell></cell>
 <cell>4</cell>
 <cell>(446, 75)</cell>
 <cell>9</cell>
</row>
<row>
 <cell> </cell>
 <cell></cell>
 <cell></cell>
 <cell></cell>
 <cell></cell>
 <cell>5</cell>
 <cell>(446, 144)</cell>
 <cell>1</cell>
</row>
<row>
 <cell>7</cell>
 <cell>GB[5] </cell>
 <cell>(295, 72)</cell>
 <cell>Main_0/Uart1BitClockDiv/clko_i_inferred_clock_RNILRIF/U0_YWn_GEast</cell>
 <cell>31</cell>
 <cell>1</cell>
 <cell>(446, 108)</cell>
 <cell>19</cell>
</row>
<row>
 <cell> </cell>
 <cell></cell>
 <cell></cell>
 <cell></cell>
 <cell></cell>
 <cell>2</cell>
 <cell>(446, 111)</cell>
 <cell>6</cell>
</row>
<row>
 <cell> </cell>
 <cell></cell>
 <cell></cell>
 <cell></cell>
 <cell></cell>
 <cell>3</cell>
 <cell>(447, 114)</cell>
 <cell>6</cell>
</row>
<row>
 <cell>8</cell>
 <cell>GB[9] </cell>
 <cell>(303, 72)</cell>
 <cell>Main_0/Uart0BitClockDiv/clko_i_inferred_clock_RNIKQ1F/U0_YWn_GEast</cell>
 <cell>31</cell>
 <cell>1</cell>
 <cell>(447, 87)</cell>
 <cell>3</cell>
</row>
<row>
 <cell> </cell>
 <cell></cell>
 <cell></cell>
 <cell></cell>
 <cell></cell>
 <cell>2</cell>
 <cell>(447, 93)</cell>
 <cell>4</cell>
</row>
<row>
 <cell> </cell>
 <cell></cell>
 <cell></cell>
 <cell></cell>
 <cell></cell>
 <cell>3</cell>
 <cell>(448, 84)</cell>
 <cell>9</cell>
</row>
<row>
 <cell> </cell>
 <cell></cell>
 <cell></cell>
 <cell></cell>
 <cell></cell>
 <cell>4</cell>
 <cell>(448, 90)</cell>
 <cell>7</cell>
</row>
<row>
 <cell> </cell>
 <cell></cell>
 <cell></cell>
 <cell></cell>
 <cell></cell>
 <cell>5</cell>
 <cell>(451, 105)</cell>
 <cell>5</cell>
</row>
<row>
 <cell> </cell>
 <cell></cell>
 <cell></cell>
 <cell></cell>
 <cell></cell>
 <cell>6</cell>
 <cell>(451, 111)</cell>
 <cell>3</cell>
</row>
<row>
 <cell>9</cell>
 <cell>GB[14] </cell>
 <cell>(308, 72)</cell>
 <cell>Main_0/Uart2BitClockDiv/clko_i_inferred_clock_RNIMS3/U0_YWn_GEast</cell>
 <cell>31</cell>
 <cell>1</cell>
 <cell>(446, 78)</cell>
 <cell>18</cell>
</row>
<row>
 <cell> </cell>
 <cell></cell>
 <cell></cell>
 <cell></cell>
 <cell></cell>
 <cell>2</cell>
 <cell>(446, 81)</cell>
 <cell>7</cell>
</row>
<row>
 <cell> </cell>
 <cell></cell>
 <cell></cell>
 <cell></cell>
 <cell></cell>
 <cell>3</cell>
 <cell>(447, 105)</cell>
 <cell>2</cell>
</row>
<row>
 <cell> </cell>
 <cell></cell>
 <cell></cell>
 <cell></cell>
 <cell></cell>
 <cell>4</cell>
 <cell>(447, 111)</cell>
 <cell>4</cell>
</row>
<row>
 <cell>10</cell>
 <cell>GB[2] </cell>
 <cell>(292, 72)</cell>
 <cell>Main_0/StepperMotor/MotorStopped_RNIKB64/U0_YWn_GEast</cell>
 <cell>25</cell>
 <cell>1</cell>
 <cell>(450, 81)</cell>
 <cell>2</cell>
</row>
<row>
 <cell> </cell>
 <cell></cell>
 <cell></cell>
 <cell></cell>
 <cell></cell>
 <cell>2</cell>
 <cell>(450, 84)</cell>
 <cell>23</cell>
</row>
<row>
 <cell>11</cell>
 <cell>GB[6] </cell>
 <cell>(296, 72)</cell>
 <cell>Main_0/RegisterSpace/ResetSteps_i_rep_RNI1421/U0_YWn_GEast</cell>
 <cell>21</cell>
 <cell>1</cell>
 <cell>(449, 81)</cell>
 <cell>5</cell>
</row>
<row>
 <cell> </cell>
 <cell></cell>
 <cell></cell>
 <cell></cell>
 <cell></cell>
 <cell>2</cell>
 <cell>(449, 84)</cell>
 <cell>16</cell>
</row>
<row>
 <cell>12</cell>
 <cell>GB[10] </cell>
 <cell>(304, 72)</cell>
 <cell>Filterwheel_sb_0/FABOSC_0/I_RCOSC_25_50MHZ_FAB_CLKINT/U0_YWn_GEast</cell>
 <cell>15</cell>
 <cell>1</cell>
 <cell>(447, 57)</cell>
 <cell>1</cell>
</row>
<row>
 <cell> </cell>
 <cell></cell>
 <cell></cell>
 <cell></cell>
 <cell></cell>
 <cell>2</cell>
 <cell>(447, 60)</cell>
 <cell>4</cell>
</row>
<row>
 <cell> </cell>
 <cell></cell>
 <cell></cell>
 <cell></cell>
 <cell></cell>
 <cell>3</cell>
 <cell>(447, 63)</cell>
 <cell>10</cell>
</row>
<row>
 <cell>13</cell>
 <cell>GB[0] </cell>
 <cell>(290, 72)</cell>
 <cell>Main_0/Uart1TxBitClockDiv/div_i_inferred_clock_RNIR41D/U0_YWn_GEast</cell>
 <cell>9</cell>
 <cell> </cell>
 <cell>(450, 102)</cell>
 <cell>9</cell>
</row>
<row>
 <cell>14</cell>
 <cell>GB[8] </cell>
 <cell>(302, 72)</cell>
 <cell>Main_0/Uart0TxBitClockDiv/div_i_inferred_clock_RNIQ2FB/U0_YWn_GEast</cell>
 <cell>9</cell>
 <cell> </cell>
 <cell>(446, 114)</cell>
 <cell>9</cell>
</row>
<row>
 <cell>15</cell>
 <cell>GB[11] </cell>
 <cell>(305, 72)</cell>
 <cell>Main_0/Uart2TxBitClockDiv/div_i_inferred_clock_RNIS6JE/U0_YWn_GEast</cell>
 <cell>9</cell>
 <cell>1</cell>
 <cell>(448, 108)</cell>
 <cell>3</cell>
</row>
<row>
 <cell> </cell>
 <cell></cell>
 <cell></cell>
 <cell></cell>
 <cell></cell>
 <cell>2</cell>
 <cell>(449, 114)</cell>
 <cell>6</cell>
</row>
<row>
 <cell>16</cell>
 <cell>GB[15] </cell>
 <cell>(309, 72)</cell>
 <cell>FCCC_C0_0/FCCC_C0_0/GL0_INST/U0_YWn</cell>
 <cell>1</cell>
 <cell> </cell>
 <cell>(146, 132)</cell>
 <cell>1</cell>
</row>
</table>
<text></text>
</section>
</doc>
