<spirit:component xmlns:actel-cc="http://www.actel.com/XMLSchema/CoreConsole" xmlns:spirit="http://www.spiritconsortium.org/XMLSchema/SPIRIT/1.1" xmlns:xsi="http://www.w3.org/2001/XMLSchema-instance" xsi:schemaLocation="http://www.spiritconsortium.org/XMLSchema/SPIRIT/1.1 http://www.spiritconsortium.org/XMLSchema/SPIRIT/1.1/component.xsd">
  <spirit:vendor>User</spirit:vendor>
  <spirit:library>Private</spirit:library>
  <spirit:name>SpiMasterPorts</spirit:name>
  <spirit:version>1.0</spirit:version>
  <spirit:busInterfaces>
  <spirit:busInterface>
    <spirit:name>BIF_1</spirit:name>
    <spirit:busType spirit:vendor="AMBA" spirit:library="AMBA2" spirit:name="APB" spirit:version="r0p0"/>
    <spirit:slave></spirit:slave>
    <spirit:signalMap>
      <spirit:signalName>
        <spirit:componentSignalName>Penable</spirit:componentSignalName><spirit:busSignalName>PENABLE</spirit:busSignalName></spirit:signalName>
      <spirit:signalName>
        <spirit:componentSignalName>Pwrite</spirit:componentSignalName><spirit:busSignalName>PWRITE</spirit:busSignalName></spirit:signalName>
      <spirit:signalName>
        <spirit:componentSignalName>Pready</spirit:componentSignalName><spirit:busSignalName>PREADY</spirit:busSignalName></spirit:signalName>
      <spirit:signalName>
        <spirit:componentSignalName>Psel</spirit:componentSignalName><spirit:busSignalName>PSELx</spirit:busSignalName></spirit:signalName>
      <spirit:signalName>
        <spirit:componentSignalName>AmbaBusData</spirit:componentSignalName><spirit:busSignalName>PWDATA</spirit:busSignalName></spirit:signalName>
      <spirit:signalName>
        <spirit:componentSignalName>DataFromMiso</spirit:componentSignalName><spirit:busSignalName>PRDATA</spirit:busSignalName></spirit:signalName></spirit:signalMap>
    <spirit:vendorExtensions></spirit:vendorExtensions>
  </spirit:busInterface>
  </spirit:busInterfaces>
  <spirit:memoryMaps>
  </spirit:memoryMaps>
  <spirit:hwModel>
    <spirit:views>
    </spirit:views>
    <spirit:signals>
      <spirit:signal>
        <spirit:name>clk</spirit:name>
        <spirit:direction>in</spirit:direction>
      </spirit:signal>
      <spirit:signal>
        <spirit:name>rst</spirit:name>
        <spirit:direction>in</spirit:direction>
      </spirit:signal>
      <spirit:signal>
        <spirit:name>Mosi</spirit:name>
        <spirit:direction>out</spirit:direction>
      </spirit:signal>
      <spirit:signal>
        <spirit:name>Sck</spirit:name>
        <spirit:direction>out</spirit:direction>
      </spirit:signal>
      <spirit:signal>
        <spirit:name>Miso</spirit:name>
        <spirit:direction>in</spirit:direction>
      </spirit:signal>
      <spirit:signal>
        <spirit:name>nCs</spirit:name>
        <spirit:direction>out</spirit:direction>
        <spirit:left>3</spirit:left>
        <spirit:right>0</spirit:right>
      </spirit:signal>
      <spirit:signal>
        <spirit:name>Penable</spirit:name>
        <spirit:direction>in</spirit:direction>
      </spirit:signal>
      <spirit:signal>
        <spirit:name>Psel</spirit:name>
        <spirit:direction>in</spirit:direction>
      </spirit:signal>
      <spirit:signal>
        <spirit:name>Presern</spirit:name>
        <spirit:direction>in</spirit:direction>
      </spirit:signal>
      <spirit:signal>
        <spirit:name>Pwrite</spirit:name>
        <spirit:direction>in</spirit:direction>
      </spirit:signal>
      <spirit:signal>
        <spirit:name>Pready</spirit:name>
        <spirit:direction>out</spirit:direction>
      </spirit:signal>
      <spirit:signal>
        <spirit:name>AmbaBusData</spirit:name>
        <spirit:direction>in</spirit:direction>
        <spirit:left>31</spirit:left>
        <spirit:right>0</spirit:right>
      </spirit:signal>
      <spirit:signal>
        <spirit:name>DataFromMiso</spirit:name>
        <spirit:direction>out</spirit:direction>
        <spirit:left spirit:dependency="(id('BYTE_WIDTH') * 8) - 1" spirit:resolve="dependent">23</spirit:left>
        <spirit:right>0</spirit:right>
      </spirit:signal>
      <spirit:signal>
        <spirit:name>XferComplete</spirit:name>
        <spirit:direction>out</spirit:direction>
      </spirit:signal>
    </spirit:signals>
    <spirit:hwParameters>
      <spirit:hwParameter spirit:id="CLOCK_DIVIDER" spirit:name="CLOCK_DIVIDER" spirit:prompt="CLOCK_DIVIDER:" spirit:dataType="int" spirit:resolve="user">1000</spirit:hwParameter>
      <spirit:hwParameter spirit:id="BYTE_WIDTH" spirit:name="BYTE_WIDTH" spirit:prompt="BYTE_WIDTH:" spirit:dataType="int" spirit:resolve="user">3</spirit:hwParameter>
    </spirit:hwParameters>
    <spirit:deletedhwParameters>
    </spirit:deletedhwParameters>
  </spirit:hwModel>
  <spirit:choices>
  </spirit:choices>
  <spirit:fileSets>
  <spirit:fileSet spirit:fileSetId="HDL_FILESET">
    <spirit:file>
      <spirit:name>hdl/SpiMasterAPB3.vhd</spirit:name>
      <spirit:fileType>verilogSource</spirit:fileType>
    <spirit:vendorExtensions></spirit:vendorExtensions>
    </spirit:file>
  <spirit:vendorExtensions></spirit:vendorExtensions>
  </spirit:fileSet>
  </spirit:fileSets>
  <spirit:vendorExtensions>
    <actel-cc:type typeName="IP"/>
    <actel-cc:instantiateOnCreation value="false"/>
    <actel-cc:diveInPermission value="READ_WRITE"/>
    <actel-cc:categories categoryName="OS" style="hidden">
      <actel-cc:category name="PC">
      </actel-cc:category>
    </actel-cc:categories>
  </spirit:vendorExtensions>
</spirit:component>
